id,name,model_id:id,group_id:id,perm_read,perm_write,perm_create,perm_unlink
access_account_move_new_all,account.move.new.all,account.model_account_move,,1,0,0,0
access_account_move_line_new_all,account.move.line.new.all,account.model_account_move_line,,1,0,0,0
access_account_partial_reconcile_new_all,account.partial.reconcile.new.all,account.model_account_partial_reconcile,,1,0,0,0
access_res_partner_new_all,res.partner.all.new,base.model_res_partner,,1,0,0,0
access_res_company_new_all,res.company.all.new,base.model_res_company,,1,0,0,0
access_report_fonts,access_report_fonts,model_report_fonts,base.group_user,1,1,1,1
access_report_extra_content,access_report_extra_content,model_report_extra_content,base.group_user,1,1,1,1